id,grade,date,teacher_id,student_id,lesson
1,7,2022/04/17,4,987,Finance
2,10,2022/02/09,88,571,n/a
3,4,2021/11/02,25,463,Capital Goods
4,9,2022/05/08,98,143,Technology
5,6,2021/10/30,65,579,Finance
6,9,2022/07/14,83,802,n/a
7,3,2022/09/20,78,939,Finance
8,8,2022/04/29,128,434,Capital Goods
9,1,2021/11/22,127,131,Public Utilities
10,10,2021/12/25,13,797,Energy
11,10,2022/02/25,147,305,n/a
12,4,2022/02/11,142,572,Energy
13,10,2022/05/15,112,372,Consumer Services
14,9,2022/08/29,120,617,Capital Goods
15,9,2022/08/12,130,434,Finance
16,2,2022/08/20,141,675,Health Care
17,6,2021/11/19,127,976,n/a
18,4,2022/01/31,55,263,Technology
19,6,2022/07/26,17,141,n/a
20,9,2022/05/16,96,701,Technology
21,1,2022/08/04,92,744,Basic Industries
22,2,2021/12/06,12,933,Public Utilities
23,10,2021/10/29,43,996,Transportation
24,6,2022/04/24,79,450,Finance
25,7,2022/03/08,99,767,Energy
26,3,2022/03/25,26,901,n/a
27,2,2021/12/02,46,781,n/a
28,9,2022/06/16,31,877,n/a
29,9,2022/10/05,110,40,Consumer Non-Durables
30,7,2022/09/18,107,50,n/a
31,2,2022/05/14,44,914,n/a
32,10,2021/12/12,10,408,Consumer Non-Durables
33,6,2022/03/14,81,579,Health Care
34,10,2021/12/09,121,1,Health Care
35,10,2022/06/16,111,407,Finance
36,8,2021/12/02,73,523,Public Utilities
37,9,2021/12/02,31,229,n/a
38,10,2022/07/05,120,417,Consumer Services
39,6,2021/11/27,124,443,Energy
40,4,2021/12/15,14,409,Technology
41,5,2022/09/10,136,441,Consumer Services
42,7,2022/08/31,65,490,Health Care
43,8,2022/09/14,98,306,Technology
44,1,2021/11/22,129,945,Finance
45,8,2021/12/27,50,595,Health Care
46,2,2022/01/26,16,77,n/a
47,9,2022/06/12,100,436,Consumer Non-Durables
48,7,2022/09/22,4,23,Technology
49,6,2022/06/19,105,685,Consumer Services
50,7,2021/11/28,86,251,Technology
51,7,2022/03/02,78,145,Finance
52,8,2022/04/08,57,524,n/a
53,8,2021/12/11,122,420,Consumer Services
54,2,2022/10/11,60,619,n/a
55,4,2022/02/01,135,758,Finance
56,4,2022/05/16,119,631,Technology
57,9,2022/05/25,121,47,Health Care
58,1,2022/08/07,119,738,n/a
59,10,2022/01/04,40,655,Health Care
60,8,2022/03/28,18,327,Technology
61,7,2022/09/13,41,268,Consumer Services
62,10,2022/05/13,55,1000,n/a
63,10,2022/01/19,122,167,Health Care
64,4,2022/09/17,107,984,Finance
65,4,2022/01/28,102,931,n/a
66,3,2022/04/14,30,371,Consumer Durables
67,2,2022/08/29,89,977,Consumer Services
68,6,2021/11/12,4,8,Consumer Services
69,4,2022/05/07,141,680,Basic Industries
70,5,2022/01/12,114,678,Finance
71,7,2021/11/21,131,531,Technology
72,4,2022/02/05,138,755,Consumer Services
73,8,2022/10/13,85,267,Finance
74,6,2021/10/27,122,714,Technology
75,4,2022/08/13,128,813,n/a
76,2,2021/11/14,2,42,Finance
77,1,2022/10/06,106,135,Energy
78,2,2022/08/13,20,500,n/a
79,5,2021/10/25,101,194,Consumer Durables
80,7,2022/10/12,78,833,Finance
81,2,2022/07/18,27,382,Energy
82,7,2022/07/22,37,357,Technology
83,8,2022/08/24,21,255,n/a
84,8,2022/09/19,149,697,Consumer Durables
85,6,2022/03/27,90,821,Consumer Services
86,10,2022/06/25,121,30,n/a
87,3,2022/07/05,17,640,Technology
88,1,2022/09/26,57,277,Transportation
89,2,2021/11/27,17,164,Technology
90,5,2022/08/05,118,240,Basic Industries
91,9,2021/11/24,23,413,Consumer Services
92,5,2022/07/02,117,813,Energy
93,6,2022/10/03,110,948,Finance
94,3,2022/10/09,84,535,Finance
95,7,2022/03/09,121,463,Finance
96,7,2022/04/03,4,726,Public Utilities
97,5,2022/03/31,106,400,Consumer Services
98,4,2021/12/07,36,2,n/a
99,10,2022/07/29,136,73,Basic Industries
100,10,2022/01/13,140,866,n/a
101,3,2022/09/20,149,989,Technology
102,4,2022/03/16,45,461,n/a
103,1,2022/07/21,42,920,Health Care
104,10,2021/12/16,68,563,Health Care
105,2,2022/08/01,47,32,Basic Industries
106,4,2022/10/08,39,385,Finance
107,9,2022/03/18,33,892,Health Care
108,8,2022/09/23,40,629,Consumer Durables
109,1,2021/12/09,87,843,Finance
110,2,2022/06/15,31,734,Technology
111,3,2022/01/12,7,680,Capital Goods
112,3,2022/01/18,31,612,Consumer Services
113,3,2022/03/31,120,661,Miscellaneous
114,4,2022/01/21,21,146,Miscellaneous
115,2,2022/01/11,64,850,Health Care
116,2,2022/10/17,42,101,Consumer Services
117,6,2022/03/31,19,110,Capital Goods
118,7,2022/07/26,35,679,n/a
119,8,2022/06/28,51,720,Technology
120,6,2022/06/10,105,734,Health Care
121,9,2022/06/11,102,253,Consumer Non-Durables
122,3,2022/07/03,92,257,n/a
123,3,2022/06/24,66,97,Consumer Services
124,7,2022/08/29,112,584,Basic Industries
125,6,2022/10/05,111,939,n/a
126,5,2021/11/11,9,786,Energy
127,7,2022/01/31,70,717,n/a
128,6,2022/06/21,125,77,Public Utilities
129,10,2022/03/13,83,251,n/a
130,9,2022/03/02,31,965,Consumer Services
131,9,2022/08/24,25,25,Consumer Services
132,1,2022/02/03,2,38,n/a
133,10,2022/01/23,99,953,Capital Goods
134,1,2022/08/13,73,705,Energy
135,7,2022/09/20,120,465,n/a
136,4,2022/06/28,4,698,n/a
137,5,2022/03/02,23,948,n/a
138,10,2022/02/14,135,318,Technology
139,9,2022/10/08,38,745,Finance
140,8,2022/08/08,113,698,Public Utilities
141,7,2022/04/05,128,209,Finance
142,3,2022/09/23,137,902,n/a
143,8,2022/04/04,46,501,Finance
144,6,2022/02/27,150,95,Finance
145,4,2022/07/03,21,328,Public Utilities
146,4,2022/01/03,95,843,n/a
147,4,2022/09/19,130,471,n/a
148,2,2022/06/29,112,214,Consumer Non-Durables
149,1,2022/01/12,103,360,Finance
150,8,2021/12/15,74,455,Energy
151,3,2022/08/13,61,38,Consumer Durables
152,10,2021/12/15,52,509,Finance
153,1,2022/09/26,7,469,Capital Goods
154,10,2022/02/24,95,508,n/a
155,4,2022/03/22,18,631,n/a
156,9,2022/04/24,139,828,Health Care
157,6,2021/12/19,28,301,Consumer Services
158,8,2022/09/01,43,888,Finance
159,4,2022/04/02,124,786,Finance
160,8,2021/12/16,127,746,n/a
161,4,2021/11/26,58,582,Health Care
162,6,2022/05/04,13,264,Consumer Durables
163,7,2022/04/24,128,140,Finance
164,7,2022/07/31,14,475,Consumer Non-Durables
165,10,2022/03/22,114,886,Energy
166,4,2022/09/25,124,675,n/a
167,4,2022/07/22,98,483,Health Care
168,9,2022/04/13,31,263,Basic Industries
169,3,2022/03/10,49,986,n/a
170,4,2022/09/28,64,199,Finance
171,10,2022/02/01,49,349,n/a
172,2,2022/04/23,5,993,n/a
173,8,2022/05/20,21,584,Capital Goods
174,2,2022/03/29,85,846,n/a
175,6,2022/01/06,71,438,Technology
176,2,2021/11/20,104,366,Finance
177,3,2022/03/12,78,217,Capital Goods
178,6,2022/05/19,36,639,Consumer Non-Durables
179,7,2022/04/05,100,709,Finance
180,5,2022/03/17,33,181,n/a
181,4,2022/01/28,149,223,Capital Goods
182,9,2022/04/16,64,463,Finance
183,6,2022/02/18,16,110,Capital Goods
184,3,2022/06/28,100,847,Finance
185,2,2022/02/02,115,732,Consumer Durables
186,6,2022/09/21,36,467,n/a
187,10,2022/09/06,114,315,Technology
188,7,2022/10/05,17,133,Consumer Services
189,8,2022/08/20,84,639,Finance
190,2,2021/11/08,147,315,Health Care
191,5,2022/03/24,72,206,Technology
192,4,2022/05/08,30,510,n/a
193,8,2022/07/02,105,173,Health Care
194,10,2022/09/04,123,429,Health Care
195,2,2022/08/19,26,770,Finance
196,4,2022/09/24,1,430,n/a
197,2,2022/04/13,55,665,Health Care
198,3,2022/01/11,29,450,Finance
199,5,2022/05/30,66,748,Public Utilities
200,2,2022/01/03,98,339,n/a
201,2,2022/01/04,73,639,Public Utilities
202,3,2021/10/29,90,609,Consumer Services
203,6,2021/11/06,149,856,Finance
204,5,2022/05/23,110,798,Consumer Services
205,8,2022/09/21,135,619,Miscellaneous
206,3,2021/12/27,92,571,n/a
207,4,2021/12/29,114,447,Energy
208,1,2022/02/14,120,503,Finance
209,3,2022/08/22,59,53,Capital Goods
210,2,2022/01/06,77,667,Basic Industries
211,10,2021/12/21,145,80,Capital Goods
212,1,2022/03/10,126,65,n/a
213,5,2022/10/16,118,926,n/a
214,3,2022/09/20,99,820,Finance
215,1,2021/10/31,126,102,n/a
216,1,2022/02/17,42,718,Consumer Services
217,2,2021/12/07,15,567,Health Care
218,7,2022/01/08,127,103,n/a
219,6,2021/11/22,89,460,Consumer Services
220,7,2022/05/01,18,967,Consumer Services
221,4,2022/07/31,85,1,Health Care
222,1,2021/11/02,109,504,Health Care
223,9,2022/07/15,123,738,Finance
224,1,2021/11/28,140,96,Technology
225,8,2022/01/30,22,822,Public Utilities
226,10,2022/02/06,49,651,Health Care
227,2,2021/10/24,39,646,Health Care
228,8,2021/12/18,102,923,Public Utilities
229,2,2021/11/08,91,756,Finance
230,3,2022/07/30,64,550,Energy
231,10,2022/01/26,117,510,Consumer Services
232,5,2022/08/21,93,567,Technology
233,10,2022/05/06,135,911,Miscellaneous
234,6,2022/02/26,21,102,Finance
235,5,2021/12/06,97,17,n/a
236,5,2022/07/31,123,590,Energy
237,2,2022/03/11,108,327,Finance
238,5,2022/06/17,43,574,Health Care
239,1,2022/03/07,84,734,Transportation
240,7,2022/07/26,125,557,Consumer Non-Durables
241,8,2021/11/04,143,212,Basic Industries
242,10,2022/03/28,60,497,Health Care
243,3,2022/07/14,148,759,n/a
244,3,2021/10/23,98,951,Energy
245,5,2021/11/16,16,250,Finance
246,4,2021/11/01,53,120,Finance
247,8,2022/05/07,121,471,Capital Goods
248,3,2022/09/01,53,914,Health Care
249,2,2022/08/04,120,285,Finance
250,3,2022/09/05,65,847,Technology
251,10,2022/09/23,7,243,Consumer Services
252,9,2022/06/25,46,670,Health Care
253,1,2022/09/17,133,838,Health Care
254,6,2022/02/12,96,120,n/a
255,9,2022/03/22,145,739,n/a
256,8,2022/07/05,59,857,Health Care
257,6,2022/04/23,106,29,n/a
258,10,2022/03/27,74,687,Technology
259,4,2022/07/01,27,749,Capital Goods
260,8,2022/03/08,78,499,Public Utilities
261,4,2022/03/19,135,606,n/a
262,2,2021/12/08,10,689,Finance
263,6,2022/06/22,1,670,Consumer Services
264,7,2022/09/15,22,71,Technology
265,10,2022/07/22,81,972,Miscellaneous
266,9,2022/06/17,102,72,Public Utilities
267,9,2022/06/14,145,23,Basic Industries
268,6,2022/08/26,43,702,Capital Goods
269,9,2022/08/26,135,426,Basic Industries
270,3,2022/07/13,72,484,Technology
271,9,2022/06/22,57,477,Consumer Services
272,3,2021/12/08,148,321,Finance
273,5,2022/06/10,48,979,Basic Industries
274,8,2022/03/13,15,806,Consumer Services
275,9,2022/03/17,145,887,Technology
276,7,2022/01/26,116,376,Finance
277,8,2022/06/22,55,340,Consumer Non-Durables
278,2,2022/03/23,26,235,n/a
279,3,2022/02/08,150,220,Finance
280,5,2022/03/02,35,548,Consumer Non-Durables
281,3,2022/01/29,86,546,Finance
282,2,2022/04/05,111,321,Capital Goods
283,2,2022/10/06,101,956,Energy
284,10,2022/09/21,150,955,Energy
285,3,2022/06/24,89,156,Finance
286,5,2021/11/15,73,6,Health Care
287,4,2022/08/28,90,564,Health Care
288,8,2022/03/20,31,980,Consumer Services
289,6,2021/10/28,59,112,Finance
290,4,2022/01/10,32,282,Finance
291,4,2022/06/22,5,134,Transportation
292,6,2022/10/08,38,426,Capital Goods
293,10,2022/02/20,3,688,Finance
294,10,2021/11/19,40,614,Health Care
295,3,2022/04/16,82,452,n/a
296,3,2021/12/21,39,335,Consumer Services
297,3,2022/06/01,66,808,Technology
298,3,2021/11/06,13,329,Consumer Non-Durables
299,10,2021/11/02,50,925,Health Care
300,4,2022/01/27,21,612,n/a
301,7,2022/05/17,84,339,Health Care
302,7,2022/06/04,83,121,n/a
303,7,2022/07/14,112,229,Consumer Services
304,2,2022/06/05,132,777,Consumer Services
305,10,2022/06/16,10,462,n/a
306,4,2022/08/09,130,450,n/a
307,8,2022/07/01,139,988,n/a
308,10,2022/01/26,25,788,Consumer Services
309,10,2022/06/21,1,712,Technology
310,9,2022/02/26,126,688,Consumer Non-Durables
311,10,2021/10/19,99,253,Finance
312,7,2022/04/09,86,825,Energy
313,5,2022/10/10,21,872,Capital Goods
314,8,2022/08/22,120,576,n/a
315,3,2022/02/03,55,343,Technology
316,2,2022/01/01,30,965,n/a
317,9,2022/03/05,2,965,Capital Goods
318,10,2022/01/03,23,543,Consumer Services
319,6,2021/10/26,53,450,Technology
320,6,2022/03/24,55,183,Consumer Non-Durables
321,2,2022/08/25,149,518,n/a
322,3,2022/04/21,129,995,Capital Goods
323,9,2022/02/22,91,881,n/a
324,4,2022/07/09,112,19,Technology
325,6,2022/09/10,150,643,n/a
326,4,2022/06/08,96,228,Technology
327,2,2022/06/06,142,834,n/a
328,1,2021/12/24,21,522,Consumer Services
329,7,2022/08/18,57,69,Capital Goods
330,8,2021/11/27,127,928,Finance
331,1,2022/03/03,149,80,Health Care
332,4,2022/07/17,91,872,Health Care
333,1,2022/08/16,48,629,n/a
334,10,2022/09/23,147,891,Consumer Services
335,9,2022/03/21,126,260,Finance
336,8,2022/02/05,117,751,Consumer Services
337,1,2022/01/08,20,221,Technology
338,6,2022/10/03,57,374,Consumer Services
339,6,2022/10/12,146,704,Consumer Services
340,10,2022/06/18,94,633,n/a
341,6,2022/02/28,45,881,Technology
342,1,2021/11/04,38,667,Public Utilities
343,5,2022/09/19,69,106,Health Care
344,1,2021/12/13,32,832,n/a
345,10,2022/03/30,137,887,Energy
346,6,2022/02/22,93,693,n/a
347,10,2022/03/25,32,643,Basic Industries
348,10,2022/08/17,102,412,Finance
349,10,2022/02/03,24,903,Energy
350,3,2021/11/14,93,845,Consumer Services
351,7,2021/12/16,40,427,Consumer Services
352,6,2022/10/09,72,199,Consumer Services
353,6,2022/07/23,29,942,Finance
354,8,2021/12/06,25,569,Energy
355,6,2022/06/04,70,89,n/a
356,9,2022/08/22,110,705,Capital Goods
357,10,2022/08/25,78,106,n/a
358,8,2022/10/02,130,473,Technology
359,7,2022/02/14,109,882,n/a
360,7,2022/08/03,8,643,Technology
361,3,2022/03/24,122,486,Technology
362,8,2021/10/28,49,493,Technology
363,7,2021/12/30,94,78,Technology
364,1,2022/10/08,75,1000,Transportation
365,10,2022/08/30,78,195,Consumer Durables
366,7,2022/03/15,35,55,Basic Industries
367,5,2022/05/09,142,991,n/a
368,7,2022/01/20,59,84,Consumer Non-Durables
369,3,2022/09/23,111,786,Energy
370,6,2022/03/11,35,922,Finance
371,1,2022/09/14,129,502,Technology
372,4,2022/01/14,89,515,n/a
373,7,2022/02/18,74,836,Energy
374,4,2022/02/10,142,732,Technology
375,4,2022/05/31,59,97,Energy
376,10,2022/02/03,92,563,Finance
377,1,2022/08/18,15,336,n/a
378,1,2021/12/04,70,495,Consumer Durables
379,10,2022/04/24,125,443,n/a
380,10,2022/03/13,24,19,Finance
381,4,2022/03/24,148,395,n/a
382,4,2022/09/28,55,441,Miscellaneous
383,4,2021/11/11,139,388,Public Utilities
384,6,2022/09/30,67,326,Finance
385,4,2022/04/30,110,866,Technology
386,7,2022/01/07,51,810,Consumer Services
387,10,2022/01/18,149,202,Finance
388,7,2022/02/16,9,474,Health Care
389,3,2022/10/10,57,801,Finance
390,6,2022/06/17,65,245,Finance
391,2,2021/10/24,107,478,Consumer Services
392,2,2022/08/10,109,232,Finance
393,3,2022/02/17,57,382,Health Care
394,8,2022/02/18,124,155,Finance
395,8,2022/10/12,29,389,Finance
396,8,2022/07/01,55,977,Energy
397,7,2022/01/16,11,816,Basic Industries
398,1,2021/12/15,47,751,Basic Industries
399,9,2022/08/04,109,406,Consumer Durables
400,1,2022/07/15,146,332,Consumer Non-Durables
401,5,2021/10/25,89,215,Transportation
402,1,2021/11/02,127,817,Basic Industries
403,6,2022/07/20,138,617,Consumer Services
404,5,2022/04/08,17,741,Health Care
405,2,2022/02/17,88,135,n/a
406,2,2022/03/14,16,660,Health Care
407,8,2022/02/03,83,627,Transportation
408,4,2021/11/21,130,389,Capital Goods
409,8,2022/01/14,140,615,Consumer Services
410,3,2022/01/21,105,160,Miscellaneous
411,4,2022/08/04,26,651,Transportation
412,10,2022/09/23,28,937,n/a
413,4,2021/12/10,102,898,Finance
414,8,2021/10/24,33,199,Finance
415,1,2021/12/10,117,948,Miscellaneous
416,2,2022/08/22,121,99,Finance
417,1,2022/02/15,73,916,Energy
418,10,2022/03/04,85,385,Consumer Services
419,3,2022/09/22,42,779,n/a
420,10,2021/10/24,95,630,Technology
421,8,2022/04/11,127,596,Public Utilities
422,3,2022/08/03,66,499,n/a
423,10,2022/07/03,72,804,Health Care
424,4,2021/11/06,9,443,Technology
425,5,2022/04/11,146,960,Finance
426,9,2022/03/05,73,327,n/a
427,3,2022/06/01,16,13,Consumer Services
428,10,2022/03/05,39,655,n/a
429,3,2022/07/18,150,6,Health Care
430,5,2022/07/28,42,964,Consumer Non-Durables
431,1,2022/01/10,83,917,n/a
432,4,2022/06/19,145,626,Basic Industries
433,9,2022/10/08,112,434,Consumer Services
434,2,2021/11/19,44,230,Basic Industries
435,3,2022/08/20,89,982,Energy
436,8,2022/06/24,57,168,Consumer Services
437,3,2022/10/01,107,244,Technology
438,4,2022/09/29,141,210,Capital Goods
439,6,2021/10/24,31,406,Finance
440,4,2022/07/29,46,531,n/a
441,7,2021/10/27,17,852,n/a
442,10,2022/08/15,20,203,Finance
443,1,2022/01/24,10,23,Health Care
444,5,2022/05/04,136,301,Capital Goods
445,8,2022/04/09,10,848,Public Utilities
446,4,2021/11/23,16,665,Energy
447,7,2022/04/28,73,360,Public Utilities
448,4,2022/09/06,117,328,Capital Goods
449,4,2022/07/25,148,461,n/a
450,3,2022/02/05,136,598,Health Care
451,5,2021/10/18,20,918,Finance
452,8,2022/07/08,122,854,Health Care
453,2,2021/11/29,57,602,Consumer Services
454,3,2021/11/03,43,787,Health Care
455,4,2022/06/25,60,494,Technology
456,6,2022/03/06,95,41,Energy
457,3,2022/02/16,17,968,Consumer Non-Durables
458,5,2021/12/15,15,77,Health Care
459,2,2022/07/24,79,222,Finance
460,2,2022/05/31,143,534,Consumer Services
461,7,2022/06/05,132,352,Health Care
462,1,2022/09/07,61,184,Consumer Durables
463,10,2021/12/25,42,427,Health Care
464,2,2022/04/12,97,983,Public Utilities
465,4,2022/09/25,44,163,n/a
466,4,2022/04/17,150,402,Consumer Services
467,1,2022/03/07,23,400,Health Care
468,4,2022/05/16,72,268,n/a
469,6,2021/11/14,53,985,n/a
470,7,2022/01/14,74,917,Consumer Non-Durables
471,9,2021/10/19,77,79,Finance
472,10,2022/05/25,36,638,Consumer Non-Durables
473,9,2022/07/19,144,425,Finance
474,7,2022/02/23,62,983,Finance
475,10,2022/02/17,25,160,Capital Goods
476,5,2022/04/08,113,302,Finance
477,5,2022/04/27,34,286,Consumer Services
478,8,2022/03/03,19,776,n/a
479,9,2022/01/13,68,899,Health Care
480,7,2022/08/26,104,870,Health Care
481,8,2021/10/24,98,880,Health Care
482,5,2022/06/02,27,743,Basic Industries
483,2,2022/09/14,55,419,Consumer Durables
484,1,2021/11/16,126,387,Consumer Services
485,7,2021/11/28,30,522,Technology
486,2,2022/03/30,114,64,Miscellaneous
487,2,2022/04/16,120,79,Health Care
488,3,2021/11/27,103,907,Basic Industries
489,8,2022/03/22,59,156,Consumer Non-Durables
490,7,2021/10/27,105,66,Finance
491,7,2022/01/01,73,557,Finance
492,8,2022/03/11,124,322,Health Care
493,10,2022/10/04,3,926,Consumer Durables
494,2,2021/10/19,77,503,Consumer Services
495,1,2021/10/22,70,867,n/a
496,1,2022/06/12,43,81,Public Utilities
497,4,2022/05/07,65,502,Energy
498,7,2022/04/21,24,150,n/a
499,4,2022/03/03,66,86,n/a
500,3,2022/08/29,124,181,Technology
501,5,2022/10/06,105,278,n/a
502,7,2022/08/07,4,438,Capital Goods
503,3,2022/10/10,83,967,n/a
504,3,2022/06/23,71,609,n/a
505,8,2022/02/09,119,771,Basic Industries
506,5,2022/05/05,90,512,Public Utilities
507,9,2022/02/12,95,717,Capital Goods
508,5,2022/07/13,83,358,Energy
509,1,2022/06/28,128,494,n/a
510,6,2022/05/26,57,373,Health Care
511,6,2021/12/30,108,361,Technology
512,9,2022/07/31,122,181,Public Utilities
513,6,2022/07/06,22,656,Finance
514,8,2022/04/30,5,156,n/a
515,10,2021/10/21,83,592,Consumer Services
516,6,2022/03/09,11,617,Basic Industries
517,1,2022/10/10,32,78,Technology
518,3,2022/01/18,7,103,Miscellaneous
519,4,2022/04/13,147,198,Basic Industries
520,9,2021/11/20,16,401,Finance
521,3,2022/08/07,68,405,Technology
522,10,2022/09/08,138,369,Public Utilities
523,3,2022/08/26,133,987,Finance
524,8,2022/01/24,127,813,Energy
525,3,2022/04/05,135,291,Basic Industries
526,2,2022/09/24,132,839,Finance
527,6,2022/06/20,41,518,Consumer Non-Durables
528,2,2022/08/19,71,512,Basic Industries
529,10,2021/11/22,66,937,Capital Goods
530,7,2022/01/24,61,296,n/a
531,10,2022/03/02,77,702,Health Care
532,9,2021/10/22,69,152,Capital Goods
533,10,2021/12/12,14,606,Finance
534,2,2022/05/17,88,171,Energy
535,5,2022/08/17,90,981,Capital Goods
536,5,2022/04/05,100,478,Consumer Durables
537,7,2022/05/28,100,148,Consumer Non-Durables
538,8,2022/01/02,22,754,n/a
539,3,2022/03/17,129,86,Miscellaneous
540,9,2022/07/14,88,520,Energy
541,1,2022/02/28,76,846,n/a
542,2,2022/09/03,62,251,Technology
543,10,2022/05/31,87,699,Miscellaneous
544,3,2022/02/01,138,350,n/a
545,9,2022/08/17,110,649,Consumer Non-Durables
546,3,2022/06/21,49,120,Energy
547,2,2021/11/29,148,791,Consumer Durables
548,3,2021/11/30,133,498,Health Care
549,8,2022/08/01,119,779,n/a
550,1,2022/04/19,120,292,Technology
551,4,2022/10/16,28,884,Consumer Services
552,3,2022/06/13,78,157,Finance
553,3,2021/12/19,123,981,Miscellaneous
554,4,2022/08/05,105,96,Finance
555,5,2022/04/20,102,349,Finance
556,10,2022/06/27,128,179,Energy
557,3,2022/01/16,96,528,n/a
558,3,2021/11/05,4,662,Capital Goods
559,9,2022/04/20,77,766,Consumer Services
560,1,2022/04/23,137,278,Basic Industries
561,1,2022/06/26,64,229,Technology
562,3,2022/08/25,3,835,Health Care
563,6,2022/02/09,96,840,Technology
564,1,2021/11/21,65,319,Finance
565,7,2022/04/17,13,723,Public Utilities
566,5,2022/05/26,87,578,n/a
567,5,2022/04/04,19,220,Health Care
568,4,2022/08/05,40,940,Finance
569,9,2022/06/16,47,91,Technology
570,6,2022/03/03,20,881,Miscellaneous
571,4,2021/12/26,139,418,Consumer Services
572,4,2021/12/31,122,600,Consumer Services
573,10,2021/10/26,94,79,Technology
574,4,2022/03/04,21,905,Health Care
575,1,2022/07/01,67,187,Technology
576,5,2022/05/25,93,658,n/a
577,9,2021/12/18,3,472,n/a
578,5,2022/09/05,35,45,Health Care
579,3,2022/07/02,101,778,Public Utilities
580,3,2022/09/14,125,558,n/a
581,5,2022/06/11,104,1,Consumer Services
582,1,2022/05/23,139,354,n/a
583,2,2022/02/12,148,41,Technology
584,9,2022/03/28,131,876,Miscellaneous
585,10,2021/11/29,144,632,Public Utilities
586,2,2022/08/01,72,605,Consumer Services
587,5,2022/06/14,91,240,Technology
588,6,2021/10/18,141,934,Miscellaneous
589,4,2022/04/15,126,230,Energy
590,10,2022/08/31,19,558,Consumer Services
591,10,2022/08/25,55,305,Finance
592,4,2022/07/30,12,484,n/a
593,6,2021/10/20,48,100,Finance
594,6,2022/06/02,48,897,Technology
595,4,2021/11/12,113,749,Consumer Non-Durables
596,7,2022/02/02,58,522,Capital Goods
597,9,2021/12/01,54,310,Energy
598,1,2021/10/21,102,216,Technology
599,4,2022/06/28,30,103,Basic Industries
600,8,2022/06/19,139,8,Capital Goods
601,8,2022/05/28,120,801,n/a
602,1,2022/06/25,34,988,Finance
603,3,2022/05/31,31,729,Energy
604,6,2022/03/31,25,416,Health Care
605,1,2022/07/18,60,990,Finance
606,1,2022/03/26,133,858,n/a
607,2,2022/05/05,120,394,Consumer Durables
608,3,2022/01/13,78,300,Technology
609,7,2022/08/25,29,238,Consumer Services
610,5,2021/12/18,143,895,n/a
611,9,2022/09/28,7,283,Finance
612,6,2022/05/28,46,896,Miscellaneous
613,8,2022/03/19,36,812,n/a
614,10,2022/06/30,79,764,n/a
615,8,2021/11/21,143,441,Consumer Services
616,1,2022/08/29,1,822,Finance
617,10,2022/06/22,89,331,Miscellaneous
618,9,2021/12/14,117,9,n/a
619,5,2021/12/30,50,474,Capital Goods
620,5,2021/12/17,102,242,Technology
621,8,2022/09/04,54,432,Basic Industries
622,9,2022/01/11,16,933,Capital Goods
623,4,2022/02/01,13,331,n/a
624,7,2022/10/11,93,723,Technology
625,2,2022/08/19,64,203,Health Care
626,10,2022/08/26,89,79,Finance
627,5,2022/01/26,83,192,Consumer Services
628,4,2021/12/05,65,476,Basic Industries
629,10,2022/05/20,84,353,Health Care
630,3,2021/12/21,27,947,n/a
631,1,2022/05/31,53,858,Technology
632,6,2021/10/26,83,568,Public Utilities
633,3,2022/05/16,148,665,Technology
634,9,2022/03/20,57,911,n/a
635,1,2021/11/25,92,403,Public Utilities
636,7,2022/03/24,143,277,Consumer Services
637,7,2021/11/22,9,543,Finance
638,9,2022/07/08,38,697,n/a
639,7,2022/09/19,24,955,Finance
640,3,2022/08/13,78,891,Capital Goods
641,7,2022/07/23,103,735,Technology
642,6,2022/03/24,119,246,Technology
643,7,2022/02/10,85,834,Technology
644,3,2022/06/03,51,935,Finance
645,1,2022/03/12,99,32,n/a
646,9,2022/08/12,73,210,Capital Goods
647,1,2022/04/08,138,244,Health Care
648,9,2022/09/17,133,240,Public Utilities
649,8,2022/06/24,88,226,Technology
650,3,2022/06/29,23,159,Transportation
651,1,2022/09/21,53,221,n/a
652,9,2022/06/19,94,145,n/a
653,1,2022/02/18,37,403,Public Utilities
654,7,2022/01/11,127,473,Finance
655,3,2022/04/05,129,658,Capital Goods
656,10,2022/06/21,97,64,Technology
657,7,2021/12/25,110,798,Public Utilities
658,5,2022/04/19,106,236,Consumer Durables
659,5,2021/10/18,36,660,Consumer Durables
660,8,2022/06/03,74,603,Technology
661,3,2022/08/29,59,148,Consumer Durables
662,8,2022/04/19,131,217,Health Care
663,1,2022/05/21,82,20,Capital Goods
664,7,2021/12/13,77,959,Miscellaneous
665,4,2021/11/03,3,817,Technology
666,10,2021/10/20,133,931,Consumer Non-Durables
667,1,2022/08/16,34,84,Consumer Non-Durables
668,5,2022/08/24,123,73,Capital Goods
669,3,2022/01/14,150,350,Health Care
670,8,2021/11/05,23,460,Transportation
671,10,2022/01/13,97,416,Finance
672,2,2021/11/08,4,879,Finance
673,5,2022/10/14,130,856,Health Care
674,10,2022/06/23,82,914,n/a
675,2,2022/04/30,30,825,Health Care
676,10,2022/02/13,21,777,Technology
677,6,2021/12/26,81,62,Consumer Services
678,2,2021/11/22,49,590,n/a
679,7,2021/12/11,106,101,Health Care
680,8,2022/05/05,57,521,Capital Goods
681,9,2022/05/17,122,815,Capital Goods
682,4,2022/01/04,42,721,Consumer Services
683,2,2021/12/28,125,426,Consumer Services
684,3,2022/08/19,82,808,Basic Industries
685,5,2022/02/22,137,896,Capital Goods
686,10,2022/05/24,96,261,Public Utilities
687,7,2022/01/02,58,511,n/a
688,10,2022/01/28,37,823,Consumer Non-Durables
689,9,2022/07/11,25,492,Health Care
690,4,2022/07/31,105,94,n/a
691,1,2022/06/14,68,914,Basic Industries
692,4,2021/10/30,147,919,Consumer Services
693,1,2022/02/15,7,321,Miscellaneous
694,9,2021/10/20,111,440,Health Care
695,10,2022/05/16,144,537,Health Care
696,4,2022/05/14,109,568,Health Care
697,1,2022/03/30,105,985,Finance
698,4,2022/10/09,81,703,n/a
699,7,2022/03/15,149,782,n/a
700,2,2022/06/30,74,297,Health Care
701,5,2022/08/28,44,132,Consumer Services
702,2,2022/10/07,18,877,Miscellaneous
703,7,2022/03/29,14,169,Consumer Durables
704,8,2021/12/26,22,170,n/a
705,3,2022/06/25,32,811,Energy
706,2,2021/10/26,147,774,Consumer Services
707,9,2021/12/09,23,138,Technology
708,5,2022/07/24,104,678,Public Utilities
709,2,2022/09/11,97,493,Consumer Services
710,8,2022/02/22,137,859,Finance
711,7,2022/01/09,143,634,Consumer Services
712,2,2021/12/19,57,68,Energy
713,4,2022/09/07,49,366,Consumer Services
714,9,2021/12/28,42,921,Public Utilities
715,9,2022/07/26,80,888,Basic Industries
716,9,2022/07/22,96,76,Health Care
717,1,2022/04/12,46,631,n/a
718,4,2022/08/03,64,354,Miscellaneous
719,3,2022/02/20,49,938,Finance
720,10,2022/03/12,50,789,Miscellaneous
721,9,2022/04/02,68,416,n/a
722,10,2022/03/16,82,643,Transportation
723,6,2022/02/26,114,985,Consumer Services
724,2,2022/06/25,62,161,Basic Industries
725,1,2022/05/31,131,414,Energy
726,9,2021/11/28,3,7,Energy
727,6,2022/03/14,53,436,Energy
728,3,2021/11/19,112,277,Health Care
729,2,2022/08/26,63,813,Energy
730,3,2021/11/05,91,250,Consumer Non-Durables
731,2,2022/09/26,59,132,Basic Industries
732,3,2022/02/08,33,289,n/a
733,9,2022/08/15,96,447,Finance
734,8,2022/07/09,84,42,Technology
735,1,2022/08/23,92,594,Health Care
736,5,2022/03/24,17,8,Technology
737,10,2022/10/14,126,229,n/a
738,1,2021/10/20,64,356,Finance
739,2,2022/08/23,63,771,Capital Goods
740,5,2022/04/11,108,380,n/a
741,4,2022/05/02,114,594,n/a
742,1,2022/03/22,70,893,Health Care
743,7,2022/01/20,57,893,n/a
744,10,2022/10/04,147,685,Basic Industries
745,8,2022/07/09,111,173,n/a
746,7,2021/11/21,54,455,Public Utilities
747,10,2021/12/10,57,805,Health Care
748,7,2022/02/01,25,761,Consumer Non-Durables
749,10,2022/03/22,28,254,Health Care
750,9,2022/03/28,85,883,n/a
751,3,2022/01/04,126,912,Consumer Services
752,5,2022/03/19,20,748,Consumer Services
753,10,2022/03/10,32,879,Consumer Durables
754,4,2022/04/05,73,944,Health Care
755,5,2022/05/02,100,151,Health Care
756,6,2022/01/11,7,925,n/a
757,4,2022/01/17,142,330,Basic Industries
758,4,2022/04/22,58,237,Health Care
759,4,2022/02/10,79,58,Energy
760,4,2022/06/07,150,365,Finance
761,8,2022/06/22,129,494,Finance
762,3,2021/12/28,36,35,Health Care
763,5,2022/06/18,46,317,Finance
764,7,2022/04/29,32,209,Technology
765,7,2022/01/31,30,717,n/a
766,5,2021/10/31,18,465,Miscellaneous
767,8,2022/06/26,82,446,Finance
768,3,2021/11/23,63,2,Capital Goods
769,4,2022/04/26,81,19,Health Care
770,5,2022/08/08,78,254,Finance
771,2,2021/12/12,33,637,Finance
772,5,2022/03/02,149,71,Technology
773,5,2021/12/05,71,617,n/a
774,6,2022/03/08,90,55,Finance
775,4,2021/10/31,93,718,Basic Industries
776,7,2022/01/15,60,838,Basic Industries
777,7,2021/12/01,46,37,Consumer Services
778,4,2022/03/30,83,433,Technology
779,9,2022/01/18,49,262,Health Care
780,8,2021/11/19,88,646,Consumer Services
781,10,2022/06/05,77,679,n/a
782,4,2021/12/02,39,431,Consumer Services
783,5,2022/10/05,147,471,n/a
784,7,2022/02/28,93,768,n/a
785,10,2022/07/29,96,112,Health Care
786,9,2022/10/13,108,909,n/a
787,6,2022/09/16,132,281,Public Utilities
788,1,2022/08/22,2,367,Consumer Durables
789,7,2022/01/05,103,371,Finance
790,1,2022/05/16,11,158,Consumer Durables
791,10,2022/03/13,20,534,Public Utilities
792,2,2022/08/26,12,739,Finance
793,5,2022/08/11,107,182,Consumer Services
794,3,2022/06/17,5,357,n/a
795,9,2022/04/30,77,111,Transportation
796,10,2022/04/12,122,555,Health Care
797,6,2022/09/27,1,189,Health Care
798,4,2021/10/19,33,406,n/a
799,6,2022/06/30,140,226,n/a
800,8,2022/06/27,21,734,Energy
801,7,2021/12/01,40,256,Miscellaneous
802,1,2022/06/02,138,1000,n/a
803,1,2022/10/02,79,589,Technology
804,5,2022/01/09,42,502,Finance
805,3,2022/01/12,85,346,Public Utilities
806,2,2022/02/06,59,376,Finance
807,7,2022/08/01,102,366,Health Care
808,2,2022/02/12,14,38,Consumer Services
809,7,2021/10/18,112,189,Finance
810,7,2022/03/12,45,33,Consumer Services
811,2,2022/08/02,3,432,Consumer Services
812,10,2021/11/10,51,446,Transportation
813,8,2021/10/23,121,436,Consumer Services
814,10,2022/09/25,111,549,Health Care
815,1,2022/06/18,57,811,Capital Goods
816,7,2022/06/23,150,193,Consumer Durables
817,1,2022/03/12,14,488,Health Care
818,6,2022/07/16,109,493,Health Care
819,9,2022/05/29,47,196,Finance
820,1,2021/12/25,96,797,n/a
821,8,2022/04/04,86,673,Miscellaneous
822,8,2022/09/08,61,605,n/a
823,7,2022/05/20,149,972,n/a
824,10,2022/02/14,33,495,Technology
825,7,2022/02/09,8,437,Miscellaneous
826,4,2022/08/27,78,218,Capital Goods
827,7,2022/10/14,28,77,Finance
828,5,2022/05/03,71,565,n/a
829,7,2022/01/28,12,867,Technology
830,3,2022/02/10,18,949,Health Care
831,1,2022/02/09,67,279,Consumer Services
832,9,2022/03/24,136,276,Health Care
833,9,2022/02/11,72,258,Finance
834,7,2022/05/12,6,465,Health Care
835,4,2021/11/10,111,352,Basic Industries
836,4,2021/12/23,60,544,Technology
837,4,2022/06/14,142,748,Health Care
838,2,2022/02/20,31,846,n/a
839,5,2022/08/26,149,781,n/a
840,7,2021/11/02,124,329,n/a
841,4,2022/04/17,67,346,Health Care
842,3,2022/05/27,118,653,Capital Goods
843,3,2022/05/20,31,380,Consumer Services
844,9,2022/06/06,4,890,n/a
845,7,2022/10/12,44,447,Consumer Services
846,9,2022/06/26,74,801,n/a
847,3,2022/09/24,106,469,Consumer Services
848,1,2022/08/14,4,624,n/a
849,7,2021/10/22,36,812,Energy
850,4,2022/07/01,50,773,Miscellaneous
851,9,2022/09/23,81,120,n/a
852,10,2022/06/01,34,340,Consumer Services
853,2,2022/01/11,103,6,Basic Industries
854,6,2022/02/27,87,541,Capital Goods
855,3,2021/12/12,107,817,Miscellaneous
856,9,2022/10/14,29,614,Technology
857,3,2022/02/01,82,416,Energy
858,2,2022/07/22,33,568,Technology
859,4,2022/08/26,149,813,Basic Industries
860,3,2022/01/14,140,724,Consumer Services
861,1,2021/11/30,9,494,Consumer Services
862,3,2022/04/13,74,854,Consumer Durables
863,3,2022/03/14,125,311,n/a
864,4,2022/07/09,80,993,Finance
865,7,2022/03/22,109,31,n/a
866,10,2022/08/01,68,239,Health Care
867,5,2022/05/05,113,650,Energy
868,9,2022/01/19,23,793,Public Utilities
869,3,2022/10/14,24,596,Health Care
870,2,2022/05/02,122,604,n/a
871,8,2022/05/29,91,89,Consumer Services
872,5,2022/07/02,14,215,Consumer Services
873,5,2022/04/24,4,953,n/a
874,6,2022/05/22,137,802,Capital Goods
875,5,2022/04/14,127,137,n/a
876,8,2022/03/15,115,586,Finance
877,1,2022/04/12,62,455,Public Utilities
878,2,2022/07/31,10,780,Finance
879,10,2022/04/24,84,587,Health Care
880,2,2022/03/19,95,118,Technology
881,3,2021/10/26,127,756,Miscellaneous
882,5,2021/11/24,147,39,Finance
883,2,2021/11/01,119,204,Finance
884,3,2022/09/08,4,849,n/a
885,4,2021/11/01,138,626,n/a
886,3,2022/04/10,124,332,n/a
887,1,2022/09/29,126,687,Capital Goods
888,8,2022/03/31,125,203,Capital Goods
889,6,2022/05/10,150,138,Finance
890,8,2022/08/01,27,72,Finance
891,4,2022/08/18,65,719,n/a
892,6,2022/06/16,22,85,n/a
893,8,2021/11/14,127,929,n/a
894,1,2022/08/03,54,87,Consumer Services
895,5,2022/05/04,107,244,Technology
896,7,2022/04/30,145,544,Basic Industries
897,10,2022/05/15,101,843,n/a
898,5,2022/09/17,106,98,n/a
899,10,2022/05/15,115,35,Health Care
900,1,2022/02/02,58,394,Capital Goods
901,1,2022/06/22,119,19,Consumer Services
902,8,2022/03/13,142,206,Consumer Non-Durables
903,9,2022/05/18,38,957,Basic Industries
904,10,2022/04/22,59,131,n/a
905,5,2022/08/20,142,853,Energy
906,10,2021/12/31,83,512,Public Utilities
907,2,2022/08/18,133,230,Consumer Services
908,1,2022/10/15,64,808,Finance
909,2,2022/10/08,32,637,Capital Goods
910,10,2022/04/09,106,673,Health Care
911,1,2021/12/25,13,326,Finance
912,8,2021/11/19,131,204,Basic Industries
913,6,2021/10/20,124,493,n/a
914,3,2021/12/14,45,289,Finance
915,4,2021/10/19,24,356,n/a
916,5,2022/09/15,116,369,n/a
917,6,2022/05/17,12,551,n/a
918,7,2022/06/18,17,51,Consumer Services
919,8,2022/01/03,16,646,Health Care
920,1,2021/11/18,132,601,n/a
921,4,2021/12/27,17,25,Consumer Services
922,7,2022/08/20,27,21,Miscellaneous
923,5,2022/10/05,73,410,Health Care
924,10,2022/07/25,110,39,Basic Industries
925,10,2022/04/28,6,441,n/a
926,6,2022/04/04,51,174,Capital Goods
927,6,2021/11/22,145,183,Consumer Non-Durables
928,5,2021/11/28,116,580,n/a
929,6,2022/09/23,60,474,Capital Goods
930,1,2022/04/03,6,615,n/a
931,2,2022/07/18,56,603,Finance
932,2,2022/02/10,39,464,Capital Goods
933,9,2022/05/19,138,219,Technology
934,10,2022/06/08,133,568,Miscellaneous
935,10,2022/09/16,3,121,Technology
936,10,2021/10/29,125,413,Capital Goods
937,1,2022/08/03,60,303,Finance
938,10,2021/10/30,66,113,Health Care
939,10,2022/02/13,24,418,Health Care
940,4,2021/10/28,100,964,Transportation
941,8,2022/06/08,116,86,n/a
942,7,2022/04/26,143,401,Finance
943,4,2022/01/11,43,117,Health Care
944,2,2022/05/03,113,873,Finance
945,2,2022/05/09,118,737,Public Utilities
946,7,2022/09/25,19,478,n/a
947,2,2022/02/05,131,294,n/a
948,8,2022/01/03,136,223,Consumer Services
949,9,2022/01/31,26,408,Technology
950,9,2021/11/29,147,105,n/a
951,5,2021/11/16,77,112,Consumer Services
952,9,2022/02/24,116,704,Health Care
953,1,2022/01/24,62,236,Technology
954,9,2022/06/21,32,764,Technology
955,7,2021/12/22,37,329,Technology
956,2,2022/01/04,149,795,Technology
957,4,2021/11/27,72,272,Finance
958,9,2022/02/02,67,198,Health Care
959,9,2021/11/11,33,322,Health Care
960,3,2022/04/18,32,11,Capital Goods
961,2,2022/09/15,139,449,Health Care
962,7,2022/02/25,61,709,Finance
963,3,2022/08/26,119,458,Consumer Services
964,9,2022/09/10,37,850,n/a
965,3,2021/11/21,70,92,Consumer Durables
966,10,2022/05/24,143,325,Health Care
967,5,2021/12/15,99,371,n/a
968,2,2022/05/25,129,889,n/a
969,2,2022/08/28,128,706,Finance
970,10,2021/10/31,41,514,Consumer Services
971,4,2022/09/14,89,382,Finance
972,5,2022/04/25,1,356,n/a
973,10,2022/01/28,6,748,Finance
974,6,2022/05/24,149,886,Energy
975,3,2022/04/01,89,412,Finance
976,6,2022/04/07,98,946,Health Care
977,1,2022/01/07,137,596,Finance
978,5,2021/12/04,112,671,Consumer Non-Durables
979,5,2021/12/02,100,79,Finance
980,8,2021/11/07,71,987,Finance
981,9,2022/07/12,67,666,Basic Industries
982,1,2022/03/12,36,922,Consumer Services
983,7,2022/06/25,54,622,Consumer Services
984,3,2022/08/07,120,130,Public Utilities
985,3,2022/01/31,95,440,Finance
986,3,2022/05/10,53,638,Finance
987,10,2022/06/06,18,133,n/a
988,8,2021/11/16,32,291,Finance
989,7,2022/07/23,140,452,Health Care
990,7,2022/09/15,71,422,n/a
991,5,2022/08/01,97,209,Health Care
992,7,2022/05/25,79,414,Consumer Services
993,6,2022/04/13,142,494,Technology
994,7,2022/10/04,25,592,Energy
995,1,2022/06/13,64,789,Finance
996,4,2022/06/27,129,992,n/a
997,8,2021/10/27,55,143,Consumer Services
998,8,2022/08/18,82,223,Consumer Durables
999,9,2022/04/07,146,468,Finance
1000,2,2022/05/12,39,699,n/a
